{
  "providers": [
    {
      "type": "bitmap",
      "file": "hearts/absorption/0_5.png",
      "ascent": 8,
      "height": 9,
      "chars": [ "\uE001" ]
    },
    {
      "type": "bitmap",
      "file": "hearts/absorption/1.png",
      "ascent": 8,
      "height": 9,
      "chars": [ "\uE002" ]
    },
    {
      "type": "bitmap",
      "file": "hearts/empty/0.png",
      "ascent": 8,
      "height": 9,
      "chars": [ "\uE003" ]
    },
    {
      "type": "bitmap",
      "file": "hearts/normal/0_5.png",
      "ascent": 8,
      "height": 9,
      "chars": [ "\uE009" ]
    },
    {
      "type": "bitmap",
      "file": "hearts/normal/1.png",
      "ascent": 8,
      "height": 9,
      "chars": [ "\uE010" ]
    },
    {
      "type": "bitmap",
      "file": "hearts/normal/overlay/0.png",
      "ascent": 8,
      "height": 9,
      "chars": [ "\uE011" ]
    },
    {
      "type": "bitmap",
      "file": "hearts/normal/overlay/0_5.png",
      "ascent": 8,
      "height": 9,
      "chars": [ "\uE012" ]
    },
    {
      "type": "bitmap",
      "file": "hearts/normal/overlay/1.png",
      "ascent": 8,
      "height": 9,
      "chars": [ "\uE013" ]
    },
    {
      "type": "bitmap",
      "file": "hearts/poison/0_5.png",
      "ascent": 8,
      "height": 9,
      "chars": [ "\uE014" ]
    },
    {
      "type": "bitmap",
      "file": "hearts/poison/1.png",
      "ascent": 8,
      "height": 9,
      "chars": [ "\uE015" ]
    },
    {
      "type": "bitmap",
      "file": "hearts/poison/overlay/0.png",
      "ascent": 8,
      "height": 9,
      "chars": [ "\uE016" ]
    },
    {
      "type": "bitmap",
      "file": "hearts/poison/overlay/0_5.png",
      "ascent": 8,
      "height": 9,
      "chars": [ "\uE017" ]
    },
    {
      "type": "bitmap",
      "file": "hearts/poison/overlay/1.png",
      "ascent": 8,
      "height": 9,
      "chars": [ "\uE018" ]
    },
    {
      "type": "bitmap",
      "file": "hearts/wither/0_5.png",
      "ascent": 8,
      "height": 9,
      "chars": [ "\uE019" ]
    },
    {
      "type": "bitmap",
      "file": "hearts/wither/1.png",
      "ascent": 8,
      "height": 9,
      "chars": [ "\uE020" ]
    },
    {
      "type": "bitmap",
      "file": "hearts/wither/overlay/0.png",
      "ascent": 8,
      "height": 9,
      "chars": [ "\uE021" ]
    },
    {
      "type": "bitmap",
      "file": "hearts/wither/overlay/0_5.png",
      "ascent": 8,
      "height": 9,
      "chars": [ "\uE022" ]
    },
    {
      "type": "bitmap",
      "file": "hearts/wither/overlay/1.png",
      "ascent": 8,
      "height": 9,
      "chars": [ "\uE023" ]
    },
    {
      "type": "bitmap",
      "file": "bars/frame.png",
      "ascent": 8,
      "height": 9,
      "chars": [ "\uE024" ]
    },
    {
      "type": "bitmap",
      "file": "bars/inner.png",
      "ascent": 8,
      "height": 9,
      "chars": [ "\uE025" ]
    },
    {
      "type": "bitmap",
      "file": "bars/background.png",
      "ascent": 8,
      "height": 9,
      "chars": [ "\uE026" ]
    },
    {
      "type": "bitmap",
      "file": "hearts/frozen/0_5.png",
      "ascent": 8,
      "height": 9,
      "chars": [ "\uE027" ]
    },
    {
      "type": "bitmap",
      "file": "hearts/frozen/1.png",
      "ascent": 8,
      "height": 9,
      "chars": [ "\uE028" ]
    },
    {
      "type": "bitmap",
      "file": "hearts/frozen/overlay/0.png",
      "ascent": 8,
      "height": 9,
      "chars": [ "\uE029" ]
    },
    {
      "type": "bitmap",
      "file": "hearts/frozen/overlay/0_5.png",
      "ascent": 8,
      "height": 9,
      "chars": [ "\uE030" ]
    },
    {
      "type": "bitmap",
      "file": "hearts/frozen/overlay/1.png",
      "ascent": 8,
      "height": 9,
      "chars": [ "\uE031" ]
    },
    {
      "type": "bitmap",
      "file": "hearts/bubbles/0.png",
      "ascent": 8,
      "height": 9,
      "chars": [ "\uE032" ]
    },
    {
      "type": "bitmap",
      "file": "hearts/bubbles/0_5.png",
      "ascent": 8,
      "height": 9,
      "chars": [ "\uE033" ]
    },
    {
      "type": "bitmap",
      "file": "hearts/bubbles/1.png",
      "ascent": 8,
      "height": 9,
      "chars": [ "\uE034" ]
    },




































    {
      "type": "bitmap",
      "file": "space:font/space_split.png",
      "ascent": -32768,
      "height": -6,
      "chars": [
        "\uF801"
      ]
    },
    {
      "type": "bitmap",
      "file": "space:font/space_nosplit.png",
      "ascent": -32768,
      "height": -500,
      "chars": [
        "\uF805"
      ]
    },
    {
      "type": "bitmap",
      "file": "space:font/space_split.png",
      "ascent": -32768,
      "height": -3,
      "chars": [
        "\uF801"
      ]
    },
    {
      "type": "bitmap",
      "file": "space:font/space_split.png",
      "ascent": -32768,
      "height": -4,
      "chars": [
        "\uF802"
      ]
    },
    {
      "type": "bitmap",
      "file": "space:font/space_split.png",
      "ascent": -32768,
      "height": -5,
      "chars": [
        "\uF803"
      ]
    },
    {
      "type": "bitmap",
      "file": "space:font/space_split.png",
      "ascent": -32768,
      "height": -6,
      "chars": [
        "\uF804"
      ]
    },
    {
      "type": "bitmap",
      "file": "space:font/space_split.png",
      "ascent": -32768,
      "height": -7,
      "chars": [
        "\uF805"
      ]
    },
    {
      "type": "bitmap",
      "file": "space:font/space_split.png",
      "ascent": -32768,
      "height": -8,
      "chars": [
        "\uF806"
      ]
    },
    {
      "type": "bitmap",
      "file": "space:font/space_split.png",
      "ascent": -32768,
      "height": -9,
      "chars": [
        "\uF807"
      ]
    },
    {
      "type": "bitmap",
      "file": "space:font/space_split.png",
      "ascent": -32768,
      "height": -10,
      "chars": [
        "\uF808"
      ]
    },
    {
      "type": "bitmap",
      "file": "space:font/space_split.png",
      "ascent": -32768,
      "height": -18,
      "chars": [
        "\uF809"
      ]
    },
    {
      "type": "bitmap",
      "file": "space:font/space_split.png",
      "ascent": -32768,
      "height": -34,
      "chars": [
        "\uF80A"
      ]
    },
    {
      "type": "bitmap",
      "file": "space:font/space_split.png",
      "ascent": -32768,
      "height": -66,
      "chars": [
        "\uF80B"
      ]
    },
    {
      "type": "bitmap",
      "file": "space:font/space_split.png",
      "ascent": -32768,
      "height": -130,
      "chars": [
        "\uF80C"
      ]
    },
    {
      "type": "bitmap",
      "file": "space:font/space_split.png",
      "ascent": -32768,
      "height": -258,
      "chars": [
        "\uF80D"
      ]
    },
    {
      "type": "bitmap",
      "file": "space:font/space_split.png",
      "ascent": -32768,
      "height": -514,
      "chars": [
        "\uF80E"
      ]
    },
    {
      "type": "bitmap",
      "file": "space:font/space_split.png",
      "ascent": -32768,
      "height": -1026,
      "chars": [
        "\uF80F"
      ]
    },
    {
      "type": "bitmap",
      "file": "space:font/space_split.png",
      "ascent": -65536,
      "height": -32770,
      "chars": [
        "\uF800"
      ]
    },
    {
      "type": "bitmap",
      "file": "space:font/space_split.png",
      "ascent": -32768,
      "height": 0,
      "chars": [
        "\uF821"
      ]
    },
    {
      "type": "bitmap",
      "file": "space:font/space_split.png",
      "ascent": -32768,
      "height": 1,
      "chars": [
        "\uF822"
      ]
    },
    {
      "type": "bitmap",
      "file": "space:font/space_split.png",
      "ascent": -32768,
      "height": 2,
      "chars": [
        "\uF823"
      ]
    },
    {
      "type": "bitmap",
      "file": "space:font/space_split.png",
      "ascent": -32768,
      "height": 3,
      "chars": [
        "\uF824"
      ]
    },
    {
      "type": "bitmap",
      "file": "space:font/space_split.png",
      "ascent": -32768,
      "height": 4,
      "chars": [
        "\uF825"
      ]
    },
    {
      "type": "bitmap",
      "file": "space:font/space_split.png",
      "ascent": -32768,
      "height": 5,
      "chars": [
        "\uF826"
      ]
    },
    {
      "type": "bitmap",
      "file": "space:font/space_split.png",
      "ascent": -32768,
      "height": 6,
      "chars": [
        "\uF827"
      ]
    },
    {
      "type": "bitmap",
      "file": "space:font/space_split.png",
      "ascent": -32768,
      "height": 7,
      "chars": [
        "\uF828"
      ]
    },
    {
      "type": "bitmap",
      "file": "space:font/space_split.png",
      "ascent": -32768,
      "height": 15,
      "chars": [
        "\uF829"
      ]
    },
    {
      "type": "bitmap",
      "file": "space:font/space_split.png",
      "ascent": -32768,
      "height": 31,
      "chars": [
        "\uF82A"
      ]
    },
    {
      "type": "bitmap",
      "file": "space:font/space_split.png",
      "ascent": -32768,
      "height": 63,
      "chars": [
        "\uF82B"
      ]
    },
    {
      "type": "bitmap",
      "file": "space:font/space_split.png",
      "ascent": -32768,
      "height": 127,
      "chars": [
        "\uF82C"
      ]
    },
    {
      "type": "bitmap",
      "file": "space:font/space_split.png",
      "ascent": -32768,
      "height": 255,
      "chars": [
        "\uF82D"
      ]
    },
    {
      "type": "bitmap",
      "file": "space:font/space_split.png",
      "ascent": -32768,
      "height": 511,
      "chars": [
        "\uF82E"
      ]
    },
    {
      "type": "bitmap",
      "file": "space:font/space_split.png",
      "ascent": -32768,
      "height": 1023,
      "chars": [
        "\uF82F"
      ]
    },
    {
      "type": "bitmap",
      "file": "space:font/space_split.png",
      "ascent": -65536,
      "height": 32767,
      "chars": [
        "\uF820"
      ]
    },
    {
      "type": "bitmap",
      "file": "space:font/space_nosplit.png",
      "ascent": -32768,
      "height": -3,
      "chars": [
        "\uF811"
      ]
    },
    {
      "type": "bitmap",
      "file": "space:font/space_nosplit.png",
      "ascent": -32768,
      "height": -4,
      "chars": [
        "\uF812"
      ]
    },
    {
      "type": "bitmap",
      "file": "space:font/space_nosplit.png",
      "ascent": -32768,
      "height": -5,
      "chars": [
        "\uF813"
      ]
    },
    {
      "type": "bitmap",
      "file": "space:font/space_nosplit.png",
      "ascent": -32768,
      "height": -6,
      "chars": [
        "\uF814"
      ]
    },
    {
      "type": "bitmap",
      "file": "space:font/space_nosplit.png",
      "ascent": -32768,
      "height": -7,
      "chars": [
        "\uF815"
      ]
    },
    {
      "type": "bitmap",
      "file": "space:font/space_nosplit.png",
      "ascent": -32768,
      "height": -8,
      "chars": [
        "\uF816"
      ]
    },
    {
      "type": "bitmap",
      "file": "space:font/space_nosplit.png",
      "ascent": -32768,
      "height": -9,
      "chars": [
        "\uF817"
      ]
    },
    {
      "type": "bitmap",
      "file": "space:font/space_nosplit.png",
      "ascent": -32768,
      "height": -10,
      "chars": [
        "\uF818"
      ]
    },
    {
      "type": "bitmap",
      "file": "space:font/space_nosplit.png",
      "ascent": -32768,
      "height": -18,
      "chars": [
        "\uF819"
      ]
    },
    {
      "type": "bitmap",
      "file": "space:font/space_nosplit.png",
      "ascent": -32768,
      "height": -34,
      "chars": [
        "\uF81A"
      ]
    },
    {
      "type": "bitmap",
      "file": "space:font/space_nosplit.png",
      "ascent": -32768,
      "height": -66,
      "chars": [
        "\uF81B"
      ]
    },
    {
      "type": "bitmap",
      "file": "space:font/space_nosplit.png",
      "ascent": -32768,
      "height": -130,
      "chars": [
        "\uF81C"
      ]
    },
    {
      "type": "bitmap",
      "file": "space:font/space_nosplit.png",
      "ascent": -32768,
      "height": -258,
      "chars": [
        "\uF81D"
      ]
    },
    {
      "type": "bitmap",
      "file": "space:font/space_nosplit.png",
      "ascent": -32768,
      "height": -514,
      "chars": [
        "\uF81E"
      ]
    },
    {
      "type": "bitmap",
      "file": "space:font/space_nosplit.png",
      "ascent": -32768,
      "height": -1026,
      "chars": [
        "\uF81F"
      ]
    },
    {
      "type": "bitmap",
      "file": "space:font/space_nosplit.png",
      "ascent": -65536,
      "height": -32770,
      "chars": [
        "\uF810"
      ]
    },
    {
      "type": "bitmap",
      "file": "space:font/space_nosplit.png",
      "ascent": -32768,
      "height": 0,
      "chars": [
        "\uF831"
      ]
    },
    {
      "type": "bitmap",
      "file": "space:font/space_nosplit.png",
      "ascent": -32768,
      "height": 1,
      "chars": [
        "\uF832"
      ]
    },
    {
      "type": "bitmap",
      "file": "space:font/space_nosplit.png",
      "ascent": -32768,
      "height": 2,
      "chars": [
        "\uF833"
      ]
    },
    {
      "type": "bitmap",
      "file": "space:font/space_nosplit.png",
      "ascent": -32768,
      "height": 3,
      "chars": [
        "\uF834"
      ]
    },
    {
      "type": "bitmap",
      "file": "space:font/space_nosplit.png",
      "ascent": -32768,
      "height": 4,
      "chars": [
        "\uF835"
      ]
    },
    {
      "type": "bitmap",
      "file": "space:font/space_nosplit.png",
      "ascent": -32768,
      "height": 5,
      "chars": [
        "\uF836"
      ]
    },
    {
      "type": "bitmap",
      "file": "space:font/space_nosplit.png",
      "ascent": -32768,
      "height": 6,
      "chars": [
        "\uF837"
      ]
    },
    {
      "type": "bitmap",
      "file": "space:font/space_nosplit.png",
      "ascent": -32768,
      "height": 7,
      "chars": [
        "\uF838"
      ]
    },
    {
      "type": "bitmap",
      "file": "space:font/space_nosplit.png",
      "ascent": -32768,
      "height": 15,
      "chars": [
        "\uF839"
      ]
    },
    {
      "type": "bitmap",
      "file": "space:font/space_nosplit.png",
      "ascent": -32768,
      "height": 31,
      "chars": [
        "\uF83A"
      ]
    },
    {
      "type": "bitmap",
      "file": "space:font/space_nosplit.png",
      "ascent": -32768,
      "height": 63,
      "chars": [
        "\uF83B"
      ]
    },
    {
      "type": "bitmap",
      "file": "space:font/space_nosplit.png",
      "ascent": -32768,
      "height": 127,
      "chars": [
        "\uF83C"
      ]
    },
    {
      "type": "bitmap",
      "file": "space:font/space_nosplit.png",
      "ascent": -32768,
      "height": 255,
      "chars": [
        "\uF83D"
      ]
    },
    {
      "type": "bitmap",
      "file": "space:font/space_nosplit.png",
      "ascent": -32768,
      "height": 511,
      "chars": [
        "\uF83E"
      ]
    },
    {
      "type": "bitmap",
      "file": "space:font/space_nosplit.png",
      "ascent": -32768,
      "height": 1023,
      "chars": [
        "\uF83F"
      ]
    },
    {
      "type": "bitmap",
      "file": "space:font/space_nosplit.png",
      "ascent": -65536,
      "height": 32767,
      "chars": [
        "\uF830"
      ]
    },
    {
      "type": "bitmap",
      "file": "minecraft:font/igrok.png",
      "ascent": 7,
      "height": 7,
      "chars": [
        "\u0204"
      ]
    },
    {
      "type": "bitmap",
      "file": "minecraft:font/straj.png",
      "ascent": 7,
      "height": 15,
      "chars": [
        "\u0205"
      ]
    },
    {
      "type": "bitmap",
      "file": "minecraft:font/twitch.png",
      "ascent": 7,
      "height": 7,
      "chars": [
        "\u0206"
      ]
    },
    {
      "type": "bitmap",
      "file": "minecraft:font/tiktok.png",
      "ascent": 7,
      "height": 7,
      "chars": [
        "\u0207"
      ]
    },
    {
      "type": "bitmap",
      "file": "minecraft:font/king.png",
      "ascent": 7,
      "height": 20,
      "chars": [
        "\u0208"
      ]
    },
    {
      "type": "bitmap",
      "file": "minecraft:font/pravitel.png",
      "ascent": 7,
      "height": 7,
      "chars": [
        "\u0209"
      ]
    },
    {
      "type": "bitmap",
      "file": "minecraft:font/ferm.png",
      "ascent": 7,
      "height": 7,
      "chars": [
        "\u0255"
      ]
    },
    {
      "type": "bitmap",
      "file": "minecraft:font/youtube.png",
      "ascent": 7,
      "height": 7,
      "chars": [
        "\u020A"
      ]
    },
    {
      "type": "bitmap",
      "file": "minecraft:font/arn.png",
      "ascent": 7,
      "height": 9,
      "chars": [
        "\u0228"
      ]
    },
    {
      "type": "bitmap",
      "file": "minecraft:font/alx.png",
      "ascent": 7,
      "height": 9,
      "chars": [
        "\u021E"
      ]
    },
    {
      "type": "bitmap",
      "file": "minecraft:font/duel.png",
      "ascent": 7,
      "height": 7,
      "chars": [
        "\u0216"
      ]
    },

    {
      "type": "bitmap",
      "file": "minecraft:font/char.png",
      "ascent": 7,
      "height": 7,
      "chars": [
        "\u0217"
      ]
    },

    {
      "type": "bitmap",
      "file": "minecraft:font/auch.png",
      "ascent": 7,
      "height": 7,
      "chars": [
        "\u0218"
      ]
    },

    {
      "type": "bitmap",
      "file": "minecraft:font/voin.png",
      "ascent": 7,
      "height": 7,
      "chars": [
        "\u0238"
      ]
    },

    {
      "type": "bitmap",
      "file": "minecraft:font/star.png",
      "ascent": 7,
      "height": 7,
      "chars": [
        "\u0239"
      ]
    },

    {
      "type": "bitmap",
      "file": "minecraft:font/riba.png",
      "ascent": 7,
      "height": 7,
      "chars": [
        "\u023A"
      ]
    },

    {
      "type": "bitmap",
      "file": "minecraft:font/shaht.png",
      "ascent": 7,
      "height": 7,
      "chars": [
        "\u023B"
      ]
    },

    {
      "type": "bitmap",
      "file": "minecraft:font/drovo.png",
      "ascent": 7,
      "height": 7,
      "chars": [
        "\u023C"
      ]
    }

  ]
}
