{"parent":"minecraft:item/generated","textures":{"layer0":"minecraft:item/leather_horse_armor"},"overrides":[{"predicate":{"custom_model_data":1},"model":"modelengine:soulraiser/torso"},{"predicate":{"custom_model_data":2},"model":"modelengine:soulraiser/rightarm"},{"predicate":{"custom_model_data":3},"model":"modelengine:soulraiser/bone"},{"predicate":{"custom_model_data":4},"model":"modelengine:soulraiser/leftarm"},{"predicate":{"custom_model_data":5},"model":"modelengine:soulraiser/bone3"},{"predicate":{"custom_model_data":6},"model":"modelengine:soulraiser/below"},{"predicate":{"custom_model_data":7},"model":"modelengine:soulraiser/rightleg"},{"predicate":{"custom_model_data":8},"model":"modelengine:soulraiser/leftleg"},{"predicate":{"custom_model_data":9},"model":"modelengine:soulraiser/bone2"},{"predicate":{"custom_model_data":10},"model":"modelengine:soulraiser/butt"},{"predicate":{"custom_model_data":11},"model":"modelengine:soulraiser/head"},{"predicate":{"custom_model_data":12},"model":"modelengine:soulraiser/eyeshield"},{"predicate":{"custom_model_data":13},"model":"modelengine:soulraiser/sword"},{"predicate":{"custom_model_data":14},"model":"modelengine:soulraiser/shield"},{"predicate":{"custom_model_data":15},"model":"modelengine:soulraiser/ground"}]}