{"textures":{"0":"modelengine:entity/soulraiser"},"elements":[{"from":[4.0,8.761905,5.714286],"to":[12.0,9.904762,9.714286],"rotation":{"angle":0.0,"axis":"y","origin":[3.4285712,12.735694,10.259621]},"faces":{"east":{"uv":[8.7,5.5,9.125,5.625],"rotation":0,"texture":"#0","tintindex":0},"south":{"uv":[6.125,4.5,7.0,4.625],"rotation":0,"texture":"#0","tintindex":0},"north":{"uv":[5.9375,3.625,6.8125,3.75],"rotation":0,"texture":"#0","tintindex":0},"west":{"uv":[8.7625,5.8125,9.1875,5.9375],"rotation":0,"texture":"#0","tintindex":0},"up":{"uv":[5.8125,3.6875,4.9375,3.25],"rotation":0,"texture":"#0","tintindex":0},"down":{"uv":[7.0,5.375,6.125,4.9375],"rotation":0,"texture":"#0","tintindex":0}}},{"from":[6.6141295,5.904762,8.519982],"to":[14.61413,8.761905,8.519982],"rotation":{"angle":22.5,"axis":"y","origin":[8.0,6.735694,14.831049]},"faces":{"east":{"uv":[0.0,0.0,0.0,0.3125],"rotation":0,"texture":"#0","tintindex":0},"south":{"uv":[3.25,7.25,2.375,7.5625],"rotation":0,"texture":"#0","tintindex":0},"north":{"uv":[2.3125,6.875,3.1875,7.1875],"rotation":0,"texture":"#0","tintindex":0},"west":{"uv":[0.0,0.0,0.0,0.3125],"rotation":0,"texture":"#0","tintindex":0},"up":{"uv":[0.75,0.0,0.0,0.0],"rotation":0,"texture":"#0","tintindex":0},"down":{"uv":[0.75,0.0,0.0,0.0],"rotation":0,"texture":"#0","tintindex":0}}},{"from":[1.6715846,4.7619047,8.519982],"to":[8.528728,8.761905,8.519982],"rotation":{"angle":-22.5,"axis":"y","origin":[8.0,6.735694,14.831049]},"faces":{"east":{"uv":[0.0,0.0,0.0,0.3125],"rotation":0,"texture":"#0","tintindex":0},"south":{"uv":[1.4375,8.375,2.1875,8.8125],"rotation":0,"texture":"#0","tintindex":0},"north":{"uv":[1.375,7.8125,2.125,8.25],"rotation":0,"texture":"#0","tintindex":0},"west":{"uv":[0.0,0.0,0.0,0.3125],"rotation":0,"texture":"#0","tintindex":0},"up":{"uv":[0.75,0.0,0.0,0.0],"rotation":0,"texture":"#0","tintindex":0},"down":{"uv":[0.75,0.0,0.0,0.0],"rotation":0,"texture":"#0","tintindex":0}}}],"display":{"head":{"translation":[0.0,-6.4,0.0],"scale":[4.0,4.0,4.0]}}}