{"textures":{"0":"modelengine:entity/soulraiser"},"elements":[{"from":[6.861763,5.144423,5.1428156],"to":[9.147477,10.858709,11.42853],"rotation":{"angle":0.0,"axis":"y","origin":[3.930891,5.321206,20.95512]},"faces":{"east":{"uv":[3.6875,3.3125,3.0,3.9375],"rotation":0,"texture":"#0","tintindex":0},"south":{"uv":[5.625,5.8125,5.375,6.4375],"rotation":0,"texture":"#0","tintindex":0},"north":{"uv":[3.5,5.6875,3.25,6.3125],"rotation":0,"texture":"#0","tintindex":0},"west":{"uv":[3.0,3.3125,2.3125,3.9375],"rotation":0,"texture":"#0","tintindex":0},"up":{"uv":[4.0,2.4375,4.25,1.75],"rotation":0,"texture":"#0","tintindex":0},"down":{"uv":[1.8125,4.5,2.0625,5.1875],"rotation":0,"texture":"#0","tintindex":0}}}],"display":{"head":{"translation":[0.0,-6.4,0.0],"scale":[4.0,4.0,4.0]}}}