{"textures":{"0":"modelengine:entity/soulraiser"},"elements":[{"from":[6.852523,5.144423,5.1428156],"to":[9.138237,10.858709,11.42853],"rotation":{"angle":0.0,"axis":"y","origin":[12.069109,5.321206,20.95512]},"faces":{"east":{"uv":[2.3125,3.3125,3.0,3.9375],"rotation":0,"texture":"#0","tintindex":0},"south":{"uv":[5.375,5.8125,5.625,6.4375],"rotation":0,"texture":"#0","tintindex":0},"north":{"uv":[3.25,5.6875,3.5,6.3125],"rotation":0,"texture":"#0","tintindex":0},"west":{"uv":[3.0,3.3125,3.6875,3.9375],"rotation":0,"texture":"#0","tintindex":0},"up":{"uv":[4.25,2.4375,4.0,1.75],"rotation":0,"texture":"#0","tintindex":0},"down":{"uv":[2.0625,4.5,1.8125,5.1875],"rotation":0,"texture":"#0","tintindex":0}}}],"display":{"head":{"translation":[0.0,-6.4,0.0],"scale":[4.0,4.0,4.0]}}}