{"textures":{"0":"modelengine:entity/soulraiser"},"elements":[{"from":[2.2857141,5.714286,6.285714],"to":[13.714286,10.285714,9.714286],"rotation":{"angle":0.0,"axis":"y","origin":[8.0,-1.4386272,11.732927]},"faces":{"east":{"uv":[1.625,5.6875,2.0,6.1875],"rotation":0,"texture":"#0","tintindex":0},"south":{"uv":[4.9375,7.5,6.1875,8.0],"rotation":0,"texture":"#0","tintindex":0},"north":{"uv":[4.9375,7.0,6.1875,7.5],"rotation":0,"texture":"#0","tintindex":0},"west":{"uv":[2.0,5.6875,2.375,6.1875],"rotation":0,"texture":"#0","tintindex":0},"up":{"uv":[4.9375,8.0,3.6875,7.625],"rotation":0,"texture":"#0","tintindex":0},"down":{"uv":[4.9375,7.25,3.6875,7.625],"rotation":0,"texture":"#0","tintindex":0}}}],"display":{"head":{"translation":[0.0,-6.4,0.0],"scale":[4.0,4.0,4.0]}}}