{"textures":{"0":"modelengine:entity/soulraiser"},"elements":[{"from":[5.142857,6.857143,6.857143],"to":[10.857143,9.142858,9.142858],"rotation":{"angle":0.0,"axis":"y","origin":[8.0,5.4027243,11.715552]},"faces":{"east":{"uv":[4.0,2.4375,4.25,2.6875],"rotation":0,"texture":"#0","tintindex":0},"south":{"uv":[7.25,4.0625,7.875,4.3125],"rotation":0,"texture":"#0","tintindex":0},"north":{"uv":[7.25,3.8125,7.875,4.0625],"rotation":0,"texture":"#0","tintindex":0},"west":{"uv":[0.8125,5.1875,1.0625,5.4375],"rotation":0,"texture":"#0","tintindex":0},"up":{"uv":[7.875,4.5625,7.25,4.3125],"rotation":0,"texture":"#0","tintindex":0},"down":{"uv":[7.875,3.5625,7.25,3.8125],"rotation":0,"texture":"#0","tintindex":0}}}],"display":{"head":{"translation":[0.0,-6.4,0.0],"scale":[4.0,4.0,4.0]}}}