{"textures":{"0":"modelengine:entity/soulraiser"},"elements":[{"from":[4.5714283,6.685548,4.2645683],"to":[11.428572,10.11412,8.264568],"rotation":{"angle":0.0,"axis":"y","origin":[5.142857,4.971262,4.8359966]},"faces":{"east":{"uv":[2.375,5.6875,2.8125,6.0625],"rotation":0,"texture":"#0","tintindex":0},"south":{"uv":[5.375,0.8125,6.125,1.1875],"rotation":0,"texture":"#0","tintindex":0},"north":{"uv":[5.375,0.4375,6.125,0.8125],"rotation":0,"texture":"#0","tintindex":0},"west":{"uv":[2.8125,5.6875,3.25,6.0625],"rotation":0,"texture":"#0","tintindex":0},"up":{"uv":[5.5625,4.25,4.8125,3.8125],"rotation":0,"texture":"#0","tintindex":0},"down":{"uv":[5.75,0.0,5.0,0.4375],"rotation":0,"texture":"#0","tintindex":0}}}],"display":{"head":{"translation":[0.0,-6.4,0.0],"scale":[4.0,4.0,4.0]}}}