{"textures":{"0":"modelengine:entity/soulraiser"},"elements":[{"from":[5.142857,12.619047,5.9605513],"to":[5.142857,19.476192,9.960551],"rotation":{"angle":-45.0,"axis":"y","origin":[5.142857,15.476191,7.9605513]},"faces":{"east":{"uv":[1.375,4.5,1.8125,5.25],"rotation":0,"texture":"#0","tintindex":0},"south":{"uv":[0.0,0.0,0.0,0.75],"rotation":0,"texture":"#0","tintindex":0},"north":{"uv":[0.0,0.0,0.0,0.75],"rotation":0,"texture":"#0","tintindex":0},"west":{"uv":[4.5625,4.75,5.0,5.5],"rotation":0,"texture":"#0","tintindex":0},"up":{"uv":[0.0,0.4375,0.0,0.0],"rotation":0,"texture":"#0","tintindex":0},"down":{"uv":[0.0,0.0,0.0,0.4375],"rotation":0,"texture":"#0","tintindex":0}}},{"from":[10.857143,12.619047,5.9605513],"to":[10.857143,19.476192,9.960551],"rotation":{"angle":45.0,"axis":"y","origin":[10.857143,15.476191,7.9605513]},"faces":{"east":{"uv":[5.0,4.75,4.5625,5.5],"rotation":0,"texture":"#0","tintindex":0},"south":{"uv":[0.0,0.0,0.0,0.75],"rotation":0,"texture":"#0","tintindex":0},"north":{"uv":[0.0,0.0,0.0,0.75],"rotation":0,"texture":"#0","tintindex":0},"west":{"uv":[1.8125,4.5,1.375,5.25],"rotation":0,"texture":"#0","tintindex":0},"up":{"uv":[0.0,0.4375,0.0,0.0],"rotation":0,"texture":"#0","tintindex":0},"down":{"uv":[0.0,0.0,0.0,0.4375],"rotation":0,"texture":"#0","tintindex":0}}},{"from":[5.142857,8.047619,5.6748366],"to":[10.857143,13.761905,10.817694],"rotation":{"angle":0.0,"axis":"y","origin":[5.142857,8.047619,5.6748366]},"faces":{"east":{"uv":[4.0,4.3125,4.5625,4.9375],"rotation":0,"texture":"#0","tintindex":0},"south":{"uv":[1.4375,3.875,2.0625,4.5],"rotation":0,"texture":"#0","tintindex":0},"north":{"uv":[3.8125,0.0,4.4375,0.625],"rotation":0,"texture":"#0","tintindex":0},"west":{"uv":[4.4375,0.0,5.0,0.625],"rotation":0,"texture":"#0","tintindex":0},"up":{"uv":[2.9375,5.0,2.3125,4.4375],"rotation":0,"texture":"#0","tintindex":0},"down":{"uv":[3.5625,4.4375,2.9375,5.0],"rotation":0,"texture":"#0","tintindex":0}}},{"from":[5.142857,8.047619,5.103408],"to":[10.857143,10.904762,5.6748366],"rotation":{"angle":0.0,"axis":"y","origin":[10.285714,8.047619,10.246265]},"faces":{"east":{"uv":[10.625,4.5625,10.6875,4.875],"rotation":0,"texture":"#0","tintindex":0},"south":{"uv":[10.0,4.8125,10.625,5.125],"rotation":0,"texture":"#0","tintindex":0},"north":{"uv":[10.0,4.5,10.625,4.8125],"rotation":0,"texture":"#0","tintindex":0},"west":{"uv":[10.625,4.875,10.6875,5.1875],"rotation":0,"texture":"#0","tintindex":0},"up":{"uv":[10.625,5.1875,10.0,5.125],"rotation":0,"texture":"#0","tintindex":0},"down":{"uv":[11.25,4.5,10.625,4.5625],"rotation":0,"texture":"#0","tintindex":0}}}],"display":{"head":{"translation":[0.0,-6.4,0.0],"scale":[4.0,4.0,4.0]}}}