{"textures":{"0":"modelengine:entity/soulraiser"},"elements":[{"from":[5.142857,6.285714,5.142857],"to":[10.857143,9.714286,10.857143],"rotation":{"angle":0.0,"axis":"y","origin":[3.7196155,9.787607,19.974203]},"faces":{"east":{"uv":[0.625,5.625,0.0,6.0],"rotation":0,"texture":"#0","tintindex":0},"south":{"uv":[6.1875,3.75,5.5625,4.125],"rotation":0,"texture":"#0","tintindex":0},"north":{"uv":[6.0625,4.9375,5.4375,5.3125],"rotation":0,"texture":"#0","tintindex":0},"west":{"uv":[5.625,5.4375,5.0,5.8125],"rotation":0,"texture":"#0","tintindex":0},"up":{"uv":[3.625,3.3125,4.25,2.6875],"rotation":0,"texture":"#0","tintindex":0},"down":{"uv":[3.6875,3.3125,4.3125,3.9375],"rotation":0,"texture":"#0","tintindex":0}}}],"display":{"head":{"translation":[0.0,-6.4,0.0],"scale":[4.0,4.0,4.0]}}}