{"textures":{"0":"modelengine:entity/soulraiser"},"elements":[{"from":[5.142857,6.285714,5.142857],"to":[10.857143,9.714286,10.857143],"rotation":{"angle":0.0,"axis":"y","origin":[12.280384,9.787607,19.974203]},"faces":{"east":{"uv":[5.0,5.4375,5.625,5.8125],"rotation":0,"texture":"#0","tintindex":0},"south":{"uv":[5.5625,3.75,6.1875,4.125],"rotation":0,"texture":"#0","tintindex":0},"north":{"uv":[5.4375,4.9375,6.0625,5.3125],"rotation":0,"texture":"#0","tintindex":0},"west":{"uv":[0.0,5.625,0.625,6.0],"rotation":0,"texture":"#0","tintindex":0},"up":{"uv":[4.25,3.3125,3.625,2.6875],"rotation":0,"texture":"#0","tintindex":0},"down":{"uv":[4.3125,3.3125,3.6875,3.9375],"rotation":0,"texture":"#0","tintindex":0}}}],"display":{"head":{"translation":[0.0,-6.4,0.0],"scale":[4.0,4.0,4.0]}}}