{"textures":{"0":"modelengine:entity/soulraiser"},"elements":[{"from":[4.8572083,-0.94918346,5.618291],"to":[11.142923,5.3365316,9.618291],"rotation":{"angle":22.5,"axis":"x","origin":[12.501978,7.79192,20.616665]},"faces":{"east":{"uv":[3.125,5.0,3.5625,5.6875],"rotation":0,"texture":"#0","tintindex":0},"south":{"uv":[0.75,3.25,1.4375,3.9375],"rotation":0,"texture":"#0","tintindex":0},"north":{"uv":[1.625,3.1875,2.3125,3.875],"rotation":0,"texture":"#0","tintindex":0},"west":{"uv":[5.0,4.75,5.4375,5.4375],"rotation":0,"texture":"#0","tintindex":0},"up":{"uv":[0.6875,5.625,0.0,5.1875],"rotation":0,"texture":"#0","tintindex":0},"down":{"uv":[2.0625,5.25,1.375,5.6875],"rotation":0,"texture":"#0","tintindex":0}}},{"from":[4.8571424,5.5487795,5.8203373],"to":[11.142858,11.263065,13.248909],"rotation":{"angle":0.0,"axis":"y","origin":[19.644836,3.5455084,17.816402]},"faces":{"east":{"uv":[2.5,1.625,3.3125,2.25],"rotation":0,"texture":"#0","tintindex":0},"south":{"uv":[3.3125,2.0625,4.0,2.6875],"rotation":0,"texture":"#0","tintindex":0},"north":{"uv":[3.3125,1.4375,4.0,2.0625],"rotation":0,"texture":"#0","tintindex":0},"west":{"uv":[2.5,2.25,3.3125,2.875],"rotation":0,"texture":"#0","tintindex":0},"up":{"uv":[2.8125,0.8125,2.125,0.0],"rotation":0,"texture":"#0","tintindex":0},"down":{"uv":[2.8125,0.8125,2.125,1.625],"rotation":0,"texture":"#0","tintindex":0}}}],"display":{"head":{"translation":[0.0,-6.4,0.0],"scale":[4.0,4.0,4.0]}}}