{"textures":{"0":"modelengine:entity/soulraiser"},"elements":[{"from":[6.5714283,1.0714283,5.214286],"to":[9.428572,12.5,6.357143],"rotation":{"angle":0.0,"axis":"y","origin":[8.857143,1.0714283,5.214286]},"faces":{"east":{"uv":[1.0625,5.9375,1.1875,7.1875],"rotation":0,"texture":"#0","tintindex":0},"south":{"uv":[0.8125,3.9375,1.125,5.1875],"rotation":0,"texture":"#0","tintindex":0},"north":{"uv":[0.5,3.9375,0.8125,5.1875],"rotation":0,"texture":"#0","tintindex":0},"west":{"uv":[4.5625,5.9375,4.6875,7.1875],"rotation":0,"texture":"#0","tintindex":0},"up":{"uv":[5.875,4.25,5.5625,4.125],"rotation":0,"texture":"#0","tintindex":0},"down":{"uv":[6.5,0.25,6.1875,0.375],"rotation":0,"texture":"#0","tintindex":0}}},{"from":[7.142857,5.642857,6.357143],"to":[8.857143,10.214286,8.071428],"rotation":{"angle":0.0,"axis":"y","origin":[8.857143,1.0714283,6.357143]},"faces":{"east":{"uv":[1.9375,6.1875,2.125,6.6875],"rotation":0,"texture":"#0","tintindex":0},"south":{"uv":[2.125,6.1875,2.3125,6.6875],"rotation":0,"texture":"#0","tintindex":0},"north":{"uv":[1.4375,3.25,1.625,3.75],"rotation":0,"texture":"#0","tintindex":0},"west":{"uv":[3.8125,6.25,4.0,6.75],"rotation":0,"texture":"#0","tintindex":0},"up":{"uv":[5.625,6.625,5.4375,6.4375],"rotation":0,"texture":"#0","tintindex":0},"down":{"uv":[5.8125,6.4375,5.625,6.625],"rotation":0,"texture":"#0","tintindex":0}}},{"from":[3.142857,-0.07142925,4.642857],"to":[6.5714283,14.214286,6.357143],"rotation":{"angle":0.0,"axis":"y","origin":[4.8571424,1.0714283,4.642857]},"faces":{"east":{"uv":[2.125,3.875,2.3125,5.4375],"rotation":0,"texture":"#0","tintindex":0},"south":{"uv":[2.125,1.625,2.5,3.1875],"rotation":0,"texture":"#0","tintindex":0},"north":{"uv":[1.625,1.625,2.0,3.1875],"rotation":0,"texture":"#0","tintindex":0},"west":{"uv":[1.1875,3.9375,1.375,5.5],"rotation":0,"texture":"#0","tintindex":0},"up":{"uv":[6.5,1.125,6.125,0.9375],"rotation":0,"texture":"#0","tintindex":0},"down":{"uv":[6.5,2.4375,6.125,2.625],"rotation":0,"texture":"#0","tintindex":0}}},{"from":[9.428572,-1.2142859,4.642857],"to":[13.428572,13.642858,6.928571],"rotation":{"angle":0.0,"axis":"y","origin":[11.714286,1.0714283,4.642857]},"faces":{"east":{"uv":[0.0,3.5,0.25,5.125],"rotation":0,"texture":"#0","tintindex":0},"south":{"uv":[1.1875,1.625,1.625,3.25],"rotation":0,"texture":"#0","tintindex":0},"north":{"uv":[0.75,1.625,1.1875,3.25],"rotation":0,"texture":"#0","tintindex":0},"west":{"uv":[0.25,3.5,0.5,5.125],"rotation":0,"texture":"#0","tintindex":0},"up":{"uv":[6.5625,2.9375,6.125,2.6875],"rotation":0,"texture":"#0","tintindex":0},"down":{"uv":[6.625,0.0,6.1875,0.25],"rotation":0,"texture":"#0","tintindex":0}}}],"display":{"head":{"translation":[0.0,-6.4,0.0],"scale":[4.0,4.0,4.0]}}}