{"textures":{"0":"modelengine:entity/soulraiser"},"elements":[{"from":[7.4945054,4.3311663,0.5246568],"to":[8.6373625,9.474024,2.8103714],"rotation":{"angle":0.0,"axis":"y","origin":[8.065934,4.9025946,0.5246568]},"faces":{"east":{"uv":[4.6875,5.9375,4.9375,6.5],"rotation":0,"texture":"#0","tintindex":0},"south":{"uv":[3.25,6.3125,3.375,6.875],"rotation":0,"texture":"#0","tintindex":0},"north":{"uv":[4.3125,6.0625,4.4375,6.625],"rotation":0,"texture":"#0","tintindex":0},"west":{"uv":[0.0,6.0,0.25,6.5625],"rotation":0,"texture":"#0","tintindex":0},"up":{"uv":[5.9375,6.6875,5.8125,6.4375],"rotation":0,"texture":"#0","tintindex":0},"down":{"uv":[6.0625,6.4375,5.9375,6.6875],"rotation":0,"texture":"#0","tintindex":0}}},{"from":[7.4945054,11.759738,0.5246568],"to":[8.6373625,30.045454,3.953228],"rotation":{"angle":0.0,"axis":"y","origin":[8.065934,11.759738,0.5246568]},"faces":{"east":{"uv":[0.0,1.5,0.375,3.5],"rotation":0,"texture":"#0","tintindex":0},"south":{"uv":[3.6875,4.4375,3.8125,6.4375],"rotation":0,"texture":"#0","tintindex":0},"north":{"uv":[3.5625,4.4375,3.6875,6.4375],"rotation":0,"texture":"#0","tintindex":0},"west":{"uv":[0.375,1.5,0.75,3.5],"rotation":0,"texture":"#0","tintindex":0},"up":{"uv":[4.9375,1.0,4.8125,0.625],"rotation":0,"texture":"#0","tintindex":0},"down":{"uv":[6.5625,2.9375,6.4375,3.3125],"rotation":0,"texture":"#0","tintindex":0}}},{"from":[6.9230766,9.474024,0.5246568],"to":[9.208792,11.759738,4.524657],"rotation":{"angle":0.0,"axis":"y","origin":[8.065934,9.474024,1.0960855]},"faces":{"east":{"uv":[6.125,0.375,6.5625,0.625],"rotation":0,"texture":"#0","tintindex":0},"south":{"uv":[6.1875,4.625,6.4375,4.875],"rotation":0,"texture":"#0","tintindex":0},"north":{"uv":[2.0625,5.4375,2.3125,5.6875],"rotation":0,"texture":"#0","tintindex":0},"west":{"uv":[6.125,0.625,6.5625,0.875],"rotation":0,"texture":"#0","tintindex":0},"up":{"uv":[0.75,3.9375,0.5,3.5],"rotation":0,"texture":"#0","tintindex":0},"down":{"uv":[3.25,6.0625,3.0,6.5],"rotation":0,"texture":"#0","tintindex":0}}},{"from":[6.9230766,8.991984,-0.7558603],"to":[9.208792,11.2776985,1.5298543],"rotation":{"angle":-22.5,"axis":"x","origin":[8.065934,8.991984,-0.18443203]},"faces":{"east":{"uv":[6.3125,5.8125,6.5625,6.0625],"rotation":0,"texture":"#0","tintindex":0},"south":{"uv":[6.3125,6.0625,6.5625,6.3125],"rotation":0,"texture":"#0","tintindex":0},"north":{"uv":[6.3125,5.5625,6.5625,5.8125],"rotation":0,"texture":"#0","tintindex":0},"west":{"uv":[6.3125,6.3125,6.5625,6.5625],"rotation":0,"texture":"#0","tintindex":0},"up":{"uv":[0.5,6.6875,0.25,6.4375],"rotation":0,"texture":"#0","tintindex":0},"down":{"uv":[6.6875,1.125,6.4375,1.375],"rotation":0,"texture":"#0","tintindex":0}}},{"from":[7.4945054,10.61688,-1.1896286],"to":[8.6373625,28.331167,0.5246568],"rotation":{"angle":0.0,"axis":"y","origin":[8.065934,10.61688,-2.9039145]},"faces":{"east":{"uv":[4.3125,1.75,4.5,3.6875],"rotation":0,"texture":"#0","tintindex":0},"south":{"uv":[0.6875,5.1875,0.8125,7.125],"rotation":0,"texture":"#0","tintindex":0},"north":{"uv":[4.4375,4.9375,4.5625,6.875],"rotation":0,"texture":"#0","tintindex":0},"west":{"uv":[3.8125,4.3125,4.0,6.25],"rotation":0,"texture":"#0","tintindex":0},"up":{"uv":[3.3125,1.625,3.1875,1.4375],"rotation":0,"texture":"#0","tintindex":0},"down":{"uv":[1.375,5.5,1.25,5.6875],"rotation":0,"texture":"#0","tintindex":0}}},{"from":[7.2087913,2.6168804,-0.046772003],"to":[8.923077,4.3311663,3.3817997],"rotation":{"angle":0.0,"axis":"y","origin":[8.065934,0.33116627,0.5246568]},"faces":{"east":{"uv":[2.8125,1.4375,3.1875,1.625],"rotation":0,"texture":"#0","tintindex":0},"south":{"uv":[3.5625,6.4375,3.75,6.625],"rotation":0,"texture":"#0","tintindex":0},"north":{"uv":[6.4375,1.375,6.625,1.5625],"rotation":0,"texture":"#0","tintindex":0},"west":{"uv":[5.0,0.4375,5.375,0.625],"rotation":0,"texture":"#0","tintindex":0},"up":{"uv":[1.625,6.5625,1.4375,6.1875],"rotation":0,"texture":"#0","tintindex":0},"down":{"uv":[1.875,6.1875,1.6875,6.5625],"rotation":0,"texture":"#0","tintindex":0}}},{"from":[7.4973626,29.6,-0.76546764],"to":[8.634505,32.0,0.520247],"rotation":{"angle":45.0,"axis":"x","origin":[8.065934,29.46541,-2.4797535]},"faces":{"east":{"uv":[4.0,6.4375,4.1875,6.6875],"rotation":0,"texture":"#0","tintindex":0},"south":{"uv":[6.1875,6.4375,6.3125,6.6875],"rotation":0,"texture":"#0","tintindex":0},"north":{"uv":[6.0625,6.4375,6.1875,6.6875],"rotation":0,"texture":"#0","tintindex":0},"west":{"uv":[6.4375,4.625,6.625,4.875],"rotation":0,"texture":"#0","tintindex":0},"up":{"uv":[6.25,3.125,6.125,2.9375],"rotation":0,"texture":"#0","tintindex":0},"down":{"uv":[6.625,2.0,6.5,2.1875],"rotation":0,"texture":"#0","tintindex":0}}},{"from":[7.4945054,18.61688,3.953228],"to":[8.6373625,30.045454,4.524657],"rotation":{"angle":0.0,"axis":"y","origin":[8.065934,11.759738,0.5246568]},"faces":{"east":{"uv":[4.25,1.75,4.3125,3.0],"rotation":0,"texture":"#0","tintindex":0},"south":{"uv":[0.9375,5.9375,1.0625,7.1875],"rotation":0,"texture":"#0","tintindex":0},"north":{"uv":[0.8125,5.9375,0.9375,7.1875],"rotation":0,"texture":"#0","tintindex":0},"west":{"uv":[0.625,5.625,0.6875,6.875],"rotation":0,"texture":"#0","tintindex":0},"up":{"uv":[2.4375,3.25,2.3125,3.1875],"rotation":0,"texture":"#0","tintindex":0},"down":{"uv":[2.4375,3.25,2.3125,3.3125],"rotation":0,"texture":"#0","tintindex":0}}},{"from":[7.4945054,25.474026,4.524657],"to":[8.6373625,30.045454,5.0960855],"rotation":{"angle":0.0,"axis":"y","origin":[8.065934,11.759738,0.5246568]},"faces":{"east":{"uv":[1.375,3.9375,1.4375,4.4375],"rotation":0,"texture":"#0","tintindex":0},"south":{"uv":[0.5,6.4375,0.625,6.9375],"rotation":0,"texture":"#0","tintindex":0},"north":{"uv":[3.375,6.3125,3.5,6.8125],"rotation":0,"texture":"#0","tintindex":0},"west":{"uv":[3.5,5.6875,3.5625,6.1875],"rotation":0,"texture":"#0","tintindex":0},"up":{"uv":[1.5625,3.8125,1.4375,3.75],"rotation":0,"texture":"#0","tintindex":0},"down":{"uv":[1.5625,3.8125,1.4375,3.875],"rotation":0,"texture":"#0","tintindex":0}}},{"from":[6.9230766,4.9025946,-0.046772003],"to":[9.78022,8.902595,3.953228],"rotation":{"angle":0.0,"axis":"y","origin":[8.065934,4.9025946,0.5246568]},"faces":{"east":{"uv":[0.8125,5.5,1.25,5.9375],"rotation":0,"texture":"#0","tintindex":0},"south":{"uv":[6.0,2.0,6.3125,2.4375],"rotation":0,"texture":"#0","tintindex":0},"north":{"uv":[0.25,6.0,0.5625,6.4375],"rotation":0,"texture":"#0","tintindex":0},"west":{"uv":[4.5625,5.5,5.0,5.9375],"rotation":0,"texture":"#0","tintindex":0},"up":{"uv":[6.3125,6.0,6.0,5.5625],"rotation":0,"texture":"#0","tintindex":0},"down":{"uv":[6.3125,6.0,6.0,6.4375],"rotation":0,"texture":"#0","tintindex":0}}},{"from":[6.9230766,4.9025946,3.953228],"to":[9.78022,8.331166,7.9532285],"rotation":{"angle":0.0,"axis":"y","origin":[8.065934,4.9025946,0.5246568]},"faces":{"east":{"uv":[4.0,5.6875,4.4375,6.0625],"rotation":0,"texture":"#0","tintindex":0},"south":{"uv":[5.625,6.0625,5.9375,6.4375],"rotation":0,"texture":"#0","tintindex":0},"north":{"uv":[4.0,6.0625,4.3125,6.4375],"rotation":0,"texture":"#0","tintindex":0},"west":{"uv":[5.75,0.0,6.1875,0.375],"rotation":0,"texture":"#0","tintindex":0},"up":{"uv":[2.6875,6.5,2.375,6.0625],"rotation":0,"texture":"#0","tintindex":0},"down":{"uv":[3.0,6.0625,2.6875,6.5],"rotation":0,"texture":"#0","tintindex":0}}},{"from":[6.6373625,4.6168804,5.0960855],"to":[10.065934,8.61688,6.8103714],"rotation":{"angle":0.0,"axis":"y","origin":[8.065934,4.9025946,0.5246568]},"faces":{"east":{"uv":[5.125,6.25,5.3125,6.6875],"rotation":0,"texture":"#0","tintindex":0},"south":{"uv":[5.0,5.8125,5.375,6.25],"rotation":0,"texture":"#0","tintindex":0},"north":{"uv":[5.8125,1.1875,6.1875,1.625],"rotation":0,"texture":"#0","tintindex":0},"west":{"uv":[6.3125,2.0,6.5,2.4375],"rotation":0,"texture":"#0","tintindex":0},"up":{"uv":[5.75,1.375,5.375,1.1875],"rotation":0,"texture":"#0","tintindex":0},"down":{"uv":[6.5625,3.75,6.1875,3.9375],"rotation":0,"texture":"#0","tintindex":0}}},{"from":[5.7802196,6.6168804,1.0960855],"to":[6.9230766,8.331166,3.953228],"rotation":{"angle":0.0,"axis":"y","origin":[8.065934,4.9025946,0.5246568]},"faces":{"east":{"uv":[3.3125,2.6875,3.625,2.875],"rotation":0,"texture":"#0","tintindex":0},"south":{"uv":[2.3125,6.5,2.4375,6.6875],"rotation":0,"texture":"#0","tintindex":0},"north":{"uv":[6.5,2.1875,6.625,2.375],"rotation":0,"texture":"#0","tintindex":0},"west":{"uv":[6.1875,3.9375,6.5,4.125],"rotation":0,"texture":"#0","tintindex":0},"up":{"uv":[4.3125,6.75,4.1875,6.4375],"rotation":0,"texture":"#0","tintindex":0},"down":{"uv":[5.4375,6.4375,5.3125,6.75],"rotation":0,"texture":"#0","tintindex":0}}}],"display":{"head":{"translation":[0.0,-0.6322694,0.0],"scale":[4.0,4.0,4.0]}}}