{"textures":{"0":"modelengine:entity/soulraiser"},"elements":[{"from":[2.8571424,6.55004,2.624938],"to":[13.142858,9.978611,10.05351],"rotation":{"angle":0.0,"axis":"y","origin":[3.4285712,6.55004,2.624938]},"faces":{"east":{"uv":[5.0,1.375,5.8125,1.75],"rotation":0,"texture":"#0","tintindex":0},"south":{"uv":[3.9375,1.0,4.9375,1.375],"rotation":0,"texture":"#0","tintindex":0},"north":{"uv":[3.8125,0.625,4.8125,1.0],"rotation":0,"texture":"#0","tintindex":0},"west":{"uv":[2.3125,5.0,3.125,5.375],"rotation":0,"texture":"#0","tintindex":0},"up":{"uv":[2.125,0.8125,1.125,0.0],"rotation":0,"texture":"#0","tintindex":0},"down":{"uv":[2.125,0.8125,1.125,1.625],"rotation":0,"texture":"#0","tintindex":0}}},{"from":[4.5714283,9.664326,2.1963668],"to":[11.428572,14.235754,5.624938],"rotation":{"angle":22.5,"axis":"x","origin":[8.0,10.664326,5.9106526]},"faces":{"east":{"uv":[5.625,5.5625,6.0,6.0625],"rotation":0,"texture":"#0","tintindex":0},"south":{"uv":[3.0625,3.9375,3.8125,4.4375],"rotation":0,"texture":"#0","tintindex":0},"north":{"uv":[2.3125,3.9375,3.0625,4.4375],"rotation":0,"texture":"#0","tintindex":0},"west":{"uv":[1.25,5.6875,1.625,6.1875],"rotation":0,"texture":"#0","tintindex":0},"up":{"uv":[6.0,2.125,5.25,1.75],"rotation":0,"texture":"#0","tintindex":0},"down":{"uv":[6.0,2.125,5.25,2.5],"rotation":0,"texture":"#0","tintindex":0}}},{"from":[2.2857141,2.5500398,3.7677956],"to":[13.714286,6.55004,8.910653],"rotation":{"angle":0.0,"axis":"y","origin":[3.4285712,6.55004,2.624938]},"faces":{"east":{"uv":[4.6875,1.75,5.25,2.1875],"rotation":0,"texture":"#0","tintindex":0},"south":{"uv":[7.125,2.5,8.375,2.9375],"rotation":0,"texture":"#0","tintindex":0},"north":{"uv":[7.125,2.9375,8.375,3.375],"rotation":0,"texture":"#0","tintindex":0},"west":{"uv":[4.5,2.1875,5.0625,2.625],"rotation":0,"texture":"#0","tintindex":0},"up":{"uv":[10.125,3.625,8.875,3.0625],"rotation":0,"texture":"#0","tintindex":0},"down":{"uv":[9.75,2.1875,8.5,2.75],"rotation":0,"texture":"#0","tintindex":0}}},{"from":[3.4285712,7.635754,10.05351],"to":[12.571428,11.064325,12.339224],"rotation":{"angle":0.0,"axis":"y","origin":[3.4285712,6.492897,2.624938]},"faces":{"east":{"uv":[6.1875,1.125,6.4375,1.5],"rotation":0,"texture":"#0","tintindex":0},"south":{"uv":[6.5,7.6875,7.5,8.0625],"rotation":0,"texture":"#0","tintindex":0},"north":{"uv":[6.5,7.3125,7.5,7.6875],"rotation":0,"texture":"#0","tintindex":0},"west":{"uv":[1.1875,6.1875,1.4375,6.5625],"rotation":0,"texture":"#0","tintindex":0},"up":{"uv":[7.5,7.3125,6.5,7.0625],"rotation":0,"texture":"#0","tintindex":0},"down":{"uv":[7.5,6.8125,6.5,7.0625],"rotation":0,"texture":"#0","tintindex":0}}},{"from":[4.0,3.635754,10.05351],"to":[12.0,7.635754,11.767796],"rotation":{"angle":0.0,"axis":"y","origin":[3.4285712,6.492897,2.624938]},"faces":{"east":{"uv":[6.25,2.9375,6.4375,3.375],"rotation":0,"texture":"#0","tintindex":0},"south":{"uv":[7.0625,5.625,7.9375,6.0625],"rotation":0,"texture":"#0","tintindex":0},"north":{"uv":[7.0625,5.1875,7.9375,5.625],"rotation":0,"texture":"#0","tintindex":0},"west":{"uv":[4.9375,6.25,5.125,6.6875],"rotation":0,"texture":"#0","tintindex":0},"up":{"uv":[7.9375,5.0,7.0625,4.8125],"rotation":0,"texture":"#0","tintindex":0},"down":{"uv":[7.9375,5.0,7.0625,5.1875],"rotation":0,"texture":"#0","tintindex":0}}},{"from":[2.2857141,1.9786115,8.910653],"to":[13.714286,6.55004,10.624939],"rotation":{"angle":0.0,"axis":"y","origin":[3.4285712,5.4071827,10.05351]},"faces":{"east":{"uv":[8.5625,0.375,8.75,0.875],"rotation":0,"texture":"#0","tintindex":0},"south":{"uv":[7.3125,0.875,8.5625,1.375],"rotation":0,"texture":"#0","tintindex":0},"north":{"uv":[7.3125,0.375,8.5625,0.875],"rotation":0,"texture":"#0","tintindex":0},"west":{"uv":[8.5625,0.875,8.75,1.375],"rotation":0,"texture":"#0","tintindex":0},"up":{"uv":[8.5625,1.5625,7.3125,1.375],"rotation":0,"texture":"#0","tintindex":0},"down":{"uv":[8.5625,1.5625,7.3125,1.75],"rotation":0,"texture":"#0","tintindex":0}}}],"display":{"head":{"translation":[0.0,-6.4,0.0],"scale":[4.0,4.0,4.0]}}}